page	codec	compress	decode
lz4-compress.page	lz4	84673	24103
lz4-compress.page	lzo-rle	92023	0
lz4-compress.page	seqlz-fast-lit	171639	79656
lz4-compress.page	zstd	315564	98486
lz4-decode.page	lz4	52867	56306
lz4-decode.page	lzo-rle	19195	16396
lz4-decode.page	seqlz-fast-lit	31275	17627
lz4-decode.page	zstd	52390	27203
lzo-rle-compress.page	lz4	79884	0
lzo-rle-compress.page	lzo-rle	105773	0
lzo-rle-compress.page	seqlz-fast-lit	118468	0
lzo-rle-compress.page	zstd	380695	75456
lzo-rle-decode.page	lz4	54025	35704
lzo-rle-decode.page	lzo-rle	65857	57756
lzo-rle-decode.page	seqlz-fast-lit	91008	33735
lzo-rle-decode.page	zstd	241956	83766
seqlz-fast-lit-compress.page	lz4	80424	0
seqlz-fast-lit-compress.page	lzo-rle	99128	0
seqlz-fast-lit-compress.page	seqlz-fast-lit	188090	59880
seqlz-fast-lit-compress.page	zstd	367411	79354
seqlz-fast-lit-decode.page	lz4	84634	24155
seqlz-fast-lit-decode.page	lzo-rle	91820	0
seqlz-fast-lit-decode.page	seqlz-fast-lit	171457	80394
seqlz-fast-lit-decode.page	zstd	310223	96864
zstd-compress.page	lz4	64788	30214
zstd-compress.page	lzo-rle	69275	41604
zstd-compress.page	seqlz-fast-lit	163071	57022
zstd-compress.page	zstd	431955	135991
zstd-decode.page	lz4	58791	33547
zstd-decode.page	lzo-rle	64617	46239
zstd-decode.page	seqlz-fast-lit	159175	60281
zstd-decode.page	zstd	419741	169935
